ID,Nombre,Apellido,Email,Edad,NombreUsuario,Password,Telefono,Departamento
1,Rosalia,Hinojosa,rosaliahinojosasepulveda@superrito.com,59,rosaliahinojosa,eeTh4oob,727 648 033,Administrativo
2,Keiko,Cavazos,keikocavazospelayo@gustr.com,45,keikocavazos,xa8pequ1Bu,685 232 537,Administrativo
3,Roque,Griego,roquegriegocalderon@rhyta.com,24,roquegriego,quaey9Paehei,665 408 159,Administrativo
4,Hilary,Peralta,hilaryperaltaguzman@superrito.com,38,hilaryperalta,ci0echu6riH,755 782 505,Administrativo
5,Alice,Mena,alicemenaalcaraz@rhyta.com,40,alicemena,Eiph1iem,778 665 692,Administrativo
6,Quiteria,Pagan,quiteriapaganzuniga@jourrapide.com,20,quiteriapagan,ohseeL6Ai,795 135 614,Administrativo
7,Kusi,Almonte,kusialmontecarmona@superrito.com,54,kusialmonte,ohBo2shohLaiw,622 489 972,Administrativo
8,Isabella,Callas,isabellacallasalvarez@fleckens.hu,41,isabellacallas,Riefoox4osh2,633 780 431,Administrativo
9,Ligia,Ybarra,ligiaybarraflorez@einrot.com,27,ligiaybarra,geiSab9zee,712 620 259,Administrativo
10,Cataldo,Bustamante,cataldobustamanteguzman@fleckens.hu,60,cataldobustamante,Ai6ohDae,717 665 484,Administrativo
11,Hermilda,Tello,hermildatellomonroy@einrot.com,26,hermildatello,eith2Eil3wo,608 739 474,Administrativo
12,Alsan,Melgar,alsanmelgarlebron@cuvox.de,65,alsanmelgar,ijeew5Xah,651 257 693,Administrativo
13,Felix,Reyes,felixreyesharo@jourrapide.com,26,felixreyes,Oi1Moonoh,678 881 449,Administrativo
14,Rogelia,Curiel,rogeliacurielhinojosa@gustr.com,59,rogeliacuriel,oi5wuwoot9Z,729 252 972,Administrativo
15,Pia,Valenzuela,piavalenzuelasamaniego@dayrep.com,21,piavalenzuela,Hai9ohghei,645 554 390,Direccion
16,Carlo,Barajas,carlobarajasmontemayor@einrot.com,25,carlobarajas,iCa9ohku6,634 821 028,Direccion
17,Romina,Suarez,rominasuareznazario@teleworm.us,27,rominasuarez,Voad8aisah3,717 593 203,Direccion
18,Antigona,Valdivia,antigonavaldiviaserrato@cuvox.de,37,antigonavaldivia,Keith5eegh,645 033 668,Direccion
19,Jacinta,Aguilar,jacintaaguilarcarreon@superrito.com,49,jacintaaguilar,Woo8dutijah,621 483 430,Informatica
20,Macrina,Hidalgo,macrinahidalgoparra@superrito.com,48,macrinahidalgo,Caes9aeFaem,616 723 580,Informatica
21,Parmenides,Aponte,parmenidesapontebatista@teleworm.us,24,parmenidesaponte,ohz4eitaeDu,625 556 841,Informatica
22,Liberal,Pizarro,liberalpizarrolemus@cuvox.de,36,liberalpizarro,Ouz3isae0,774 372 556,Informatica
23,Anastasie,Zarate,anastasiezaratepadilla@fleckens.hu,37,anastasiezarate,faxu9eeS,660 137 233,Informatica
24,Arsenia,Ulibarri,arseniaulibarriapodaca@rhyta.com,48,arseniaulibarri,Oeg9io4ai1s,725 504 890,Informatica
25,Adalrico,Zaragoza,adalricozaragozamatias@jourrapide.com,21,adalricozaragoza,Eigeishe8,617 705 469,Informatica
26,Sibila,Lerma,sibilalermaferrer@rhyta.com,56,sibilalerma,duthoo0H,613 878 692,Informatica
27,Delfor,Pantoja,delforpantojaarana@fleckens.hu,47,delforpantoja,Tuishae9ei,623 003 603,Informatica
28,Laercio,Robledo,laerciorobledosantillan@einrot.com,22,laerciorobledo,Quoziu4wahb2fe,782 868 256,Contabilidad
29,Lila,Correa,lilacorreavergara@jourrapide.com,64,lilacorrea,ohYeiwi4ohD,682 378 468,Contabilidad
30,Livio,Robles,livioroblesaragon@cuvox.de,58,liviorobles,Ao1mai2hoo8,626 101 725,Contabilidad
31,Nerida,Espinosa,neridaespinosamaestas@rhyta.com,65,neridaespinosa,aiNga3oir,616 667 347,Contabilidad
32,Mila,Melgar,milamelgarmalave@einrot.com,47,milamelgar,Iephi6raew,653 479 659,Contabilidad
33,Priscila,Abreu,priscilaabreucintron@fleckens.hu,53,priscilaabreu,AexoF4eixah,789 194 258,Contabilidad
34,Anna,Leal,annalealvillalobos@jourrapide.com,47,annaleal,Xu5ooy5cie,712 709 921,Contabilidad
35,Mili,Gonzalez,miligonzalezsepulveda@dayrep.com,58,miligonzalez,dae0uFizogh,633 267 411,Contabilidad
36,Lazzaro,Alvarez,lazzaroalvarezdelgadillo@armyspy.com,61,lazzaroalvarez,ohVia0hoh,720 972 047,Contabilidad
37,Lily,Macias,lilymaciasaguirre@teleworm.us,37,lilymacias,Haimie2Mee,612 481 639,Contabilidad
38,Aquiles,Mena,aquilesmenagalvan@superrito.com,36,aquilesmena,meuFit4nah,685 145 945,Contabilidad
39,Adhemar,Tello,adhemartelloestevez@rhyta.com,46,adhemartello,Ohch7pah,753 856 769,Contabilidad
40,Adamo,Candelaria,adamocandelariapreciado@cuvox.de,65,adamocandelaria,oRue0peu,698 010 673,Contabilidad
41,Matilda,Estrada,matildaestradamanzanares@fleckens.hu,28,matildaestrada,xu9VeiFoop,659 178 783,Contabilidad
42,Adelaida,Guerra,adelaidaguerralovato@gustr.com,38,adelaidaguerra,res6xohj5Qu,645 246 489,Arquitectura
43,Wara,Solis,warasolisquinones@jourrapide.com,22,warasolis,Uaboh7hoi,777 632 036,Arquitectura
44,Sisebuto,Tejeda,sisebutotejedalongoria@fleckens.hu,36,sisebutotejeda,aeVaiwop5h,659 032 053,Arquitectura
45,Fabienne,Pantoja,fabiennepantojagiron@einrot.com,39,fabiennepantoja,hohShus3eet,652 539 997,Arquitectura
46,Talia,Briones,taliabrionesgranado@rhyta.com,26,taliabriones,ooy5Aih7t,615 894 085,Arquitectura
47,Renan,Cintron,renancintronsamaniego@dayrep.com,26,renancintron,aLooR0eedae,799 614 151,Arquitectura
48,Elvio,Vera,elvioverarojo@superrito.com,23,elviovera,IePhai8oh,737 769 668,Arquitectura
49,Leonidas,Terrazas,leonidasterrazasocampo@gustr.com,42,leonidasterrazas,phaiFeeng6,694 994 182,Arquitectura
50,Pancracia,Cisneros,pancraciacisneroscarrasco@superrito.com,38,pancraciacisneros,Zie5ENie,684 753 514,Arquitectura
